molecular_weight,logP,TPSA,H_bond_donors,H_bond_acceptors,rotatable_bonds,ring_count,label
455.5510000000003,4.402500000000004,90.93,1.0,7.0,7.0,2.0,1.0
582.6570000000003,4.694500000000004,137.03,2.0,9.0,9.0,5.0,1.0
184.491,2.3528000000000002,9.23,0.0,1.0,3.0,0.0,1.0
106.099101778,-1.6094,83.55,3.0,3.0,2.0,0.0,1.0
58.443,-5.992,0.0,0.0,0.0,0.0,0.0,1.0
191.19,1.7411999999999999,67.01,2.0,3.0,1.0,2.0,1.0
392.4110000000001,2.3476,101.65,2.0,7.0,2.0,5.0,1.0
364.357,1.7851999999999997,101.65,2.0,7.0,1.0,5.0,1.0
340.4630000000001,4.370100000000004,43.370000000000005,0.0,3.0,0.0,5.0,1.0
151.933,0.04340000000000005,29.46,1.0,2.0,0.0,2.0,1.0
181.191,0.3466000000000001,83.55000000000001,3.0,3.0,3.0,1.0,1.0
172.268,1.6985,40.46,2.0,2.0,1.0,1.0,1.0
533.9380000000001,5.1266200000000035,91.16000000000001,1.0,7.0,9.0,4.0,1.0
318.7560000000001,3.8130000000000033,63.60000000000001,1.0,3.0,5.0,2.0,1.0
434.4710000000004,2.3474000000000004,86.37,1.0,4.0,4.0,5.0,1.0
315.84400000000005,4.384200000000003,12.47,0.0,2.0,3.0,3.0,1.0
208.26099999999994,1.1618,44.120000000000005,0.0,4.0,3.0,2.0,1.0
94.11299999999999,1.3921999999999999,20.23,1.0,1.0,0.0,1.0,1.0
313.78800000000007,3.4292000000000016,36.86,1.0,4.0,0.0,4.0,1.0
326.83099999999996,3.7227000000000023,30.870000000000005,1.0,4.0,0.0,4.0,1.0
425.9200000000002,3.353200000000002,78.82,2.0,5.0,5.0,5.0,1.0
327.815,3.7714000000000025,28.07,0.0,4.0,0.0,4.0,1.0
1736.1849999999993,10.812700000000007,340.12,6.0,28.0,15.0,14.0,1.0
346.85800000000006,4.404500000000003,24.940000000000005,0.0,4.0,4.0,3.0,1.0
200.28199999999998,0.8190000000000001,58.2,2.0,2.0,7.0,0.0,1.0
323.4400000000001,4.839900000000004,50.94,1.0,4.0,3.0,3.0,1.0
452.55100000000033,3.9598800000000027,81.02000000000001,0.0,7.0,12.0,3.0,1.0
396.44300000000015,2.0945999999999994,106.94,3.0,4.0,8.0,3.0,1.0
274.755,2.644820000000001,42.21,1.0,4.0,1.0,3.0,1.0
336.435,3.758200000000003,34.47,0.0,4.0,2.0,5.0,1.0
321.37600000000003,3.8845000000000027,40.46,0.0,4.0,1.0,4.0,1.0
372.4210000000003,3.0778000000000008,85.89,2.0,5.0,10.0,2.0,1.0
852.946,1.2457000000000107,236.74999999999994,5.0,12.0,7.0,6.0,1.0
498.6200000000003,3.944200000000003,94.17,1.0,8.0,9.0,2.0,1.0
457.6580000000002,6.185100000000007,40.540000000000006,1.0,3.0,3.0,5.0,1.0
520.6700000000004,5.6977000000000055,86.22,1.0,6.0,7.0,5.0,1.0
470.5220000000003,2.1057999999999995,125.40000000000002,3.0,6.0,10.0,3.0,1.0
526.6340000000005,3.3756000000000013,114.24999999999999,1.0,9.0,10.0,3.0,1.0
293.45400000000006,5.084600000000005,3.24,0.0,1.0,5.0,3.0,1.0
315.844,4.384200000000003,12.47,0.0,2.0,3.0,3.0,1.0
403.51900000000023,3.8717000000000033,98.07000000000001,3.0,4.0,6.0,4.0,1.0
361.87600000000003,4.354180000000004,30.270000000000003,0.0,3.0,1.0,4.0,1.0
303.402,2.1050000000000004,49.769999999999996,1.0,4.0,4.0,3.0,1.0
322.40799999999996,3.546400000000003,24.94,0.0,4.0,2.0,4.0,1.0
340.4200000000002,1.4621,106.94000000000001,3.0,4.0,7.0,2.0,1.0
396.31100000000015,4.785800000000003,142.04,1.0,7.0,7.0,3.0,1.0
430.5480000000003,4.133900000000003,34.17,0.0,5.0,6.0,5.0,1.0
471.85600000000017,4.507700000000005,35.94,1.0,4.0,5.0,4.0,1.0
265.25,2.0092000000000003,105.36,2.0,6.0,3.0,2.0,1.0
369.42100000000005,2.0546999999999995,86.01,2.0,5.0,2.0,4.0,1.0
324.6430000000001,3.2842400000000014,83.78999999999999,5.0,2.0,2.0,1.0,1.0
412.4500000000002,0.9857200000000006,124.14999999999999,2.0,8.0,2.0,4.0,1.0
609.7230000000004,6.018000000000007,111.01000000000002,1.0,8.0,10.0,5.0,1.0
248.3843053339999,3.2997200000000024,20.310000000000002,0.0,2.0,5.0,2.0,1.0
835.1679999999999,-0.9733999999999992,188.88999999999996,7.0,9.0,13.0,1.0,1.0
283.415,3.5675000000000026,32.26,2.0,2.0,7.0,2.0,1.0
321.87700000000007,4.522590000000004,23.96,1.0,3.0,2.0,3.0,1.0
873.09,5.377400000000005,170.06,3.0,14.0,8.0,7.0,1.0
308.3780000000001,1.5852999999999995,87.66,3.0,5.0,8.0,1.0,1.0
508.8040000000006,4.256280000000002,167.57999999999998,10.0,4.0,19.0,0.0,1.0
412.4960000000002,3.5928000000000004,92.26,1.0,9.0,5.0,4.0,1.0
548.7350000000004,4.133100000000004,70.24000000000001,0.0,6.0,0.0,8.0,1.0
294.31,2.0103,68.17,1.0,4.0,1.0,3.0,1.0
368.44100000000014,1.2063199999999996,73.71000000000001,1.0,6.0,2.0,4.0,1.0
394.46700000000004,3.852300000000003,53.99000000000001,0.0,5.0,2.0,5.0,1.0
460.43900000000025,1.0728999999999993,146.46,2.0,10.0,5.0,4.0,1.0
389.83900000000017,1.8569999999999995,93.11000000000001,3.0,5.0,6.0,3.0,1.0
447.61900000000014,4.9317000000000055,60.77000000000001,2.0,4.0,4.0,5.0,1.0
224.21999999999997,-1.573999999999999,82.05,1.0,7.0,2.0,2.0,1.0
299.355,3.948900000000002,63.25,2.0,4.0,3.0,3.0,1.0
332.491,5.055200000000005,19.03,1.0,1.0,6.0,4.0,1.0
598.0520000000004,4.611300000000004,129.47,1.0,10.0,7.0,5.0,1.0
578.6620000000001,3.919100000000003,108.55000000000001,1.0,9.0,8.0,6.0,1.0
344.49200000000013,4.154700000000003,72.83000000000001,1.0,5.0,16.0,0.0,1.0
343.51100000000014,6.0106200000000065,42.230000000000004,1.0,3.0,11.0,2.0,1.0
220.24699999999999,-3.1632999999999987,74.27,1.0,5.0,3.0,0.0,1.0
631.6660000000005,7.3032000000000075,120.24,1.0,9.0,10.0,5.0,1.0
218.29299999999992,1.2432999999999996,66.76,2.0,4.0,9.0,0.0,1.0
271.36,3.424800000000002,30.49,1.0,3.0,7.0,2.0,1.0
358.42300000000006,2.431400000000001,110.57,2.0,7.0,4.0,3.0,1.0
473.0130000000001,4.878500000000005,81.07999999999998,2.0,4.0,5.0,4.0,1.0
165.19199999999995,1.7407,49.33,2.0,2.0,2.0,1.0,1.0
435.5260000000001,5.1525000000000025,83.47,2.0,5.0,6.0,4.0,1.0
484.55900000000037,3.7695000000000016,118.56,1.0,11.0,7.0,4.0,1.0
437.6280000000004,4.097500000000004,36.02,0.0,4.0,5.0,6.0,1.0
331.91200000000003,5.0975000000000055,3.24,0.0,2.0,3.0,3.0,1.0
356.56,4.404300000000004,6.48,0.0,4.0,2.0,4.0,1.0
318.445,4.659280000000004,27.03,0.0,3.0,0.0,4.0,1.0
226.026,0.7471000000000001,61.6,0.0,4.0,1.0,1.0,1.0
20.027203556,-0.8247,31.5,0.0,0.0,0.0,0.0,1.0
399.57500000000016,5.101000000000004,66.4,2.0,2.0,2.0,4.0,1.0
449.88700000000034,3.303600000000001,75.69000000000001,0.0,8.0,4.0,5.0,1.0
301.386,2.7421000000000015,72.72,4.0,4.0,7.0,2.0,1.0
398.93400000000014,3.664100000000002,35.94,1.0,4.0,5.0,4.0,1.0
349.1619999999999,3.0347,98.25999999999999,2.0,4.0,4.0,1.0,1.0
292.426,4.019800000000004,6.48,0.0,2.0,4.0,3.0,1.0
291.822,3.7422200000000023,21.259999999999998,1.0,2.0,6.0,2.0,1.0
490.55300000000045,3.769200000000003,126.23000000000002,1.0,9.0,14.0,2.0,1.0
765.038,6.434000000000007,161.21,4.0,10.0,12.0,5.0,1.0
290.40999999999997,4.404300000000004,6.48,0.0,2.0,0.0,4.0,1.0
408.2850000000001,4.720000000000003,77.25,1.0,6.0,4.0,3.0,1.0
331.84700000000004,3.398100000000002,26.79,0.0,3.0,3.0,3.0,1.0
487.38000000000034,2.936300000000002,109.11000000000001,2.0,8.0,11.0,2.0,1.0
277.36699999999996,4.428700000000004,12.47,0.0,2.0,0.0,4.0,1.0
431.6200000000001,5.959300000000008,40.540000000000006,1.0,3.0,3.0,5.0,1.0
524.5890000000003,4.416000000000004,86.33000000000001,1.0,8.0,9.0,4.0,1.0
600.7390000000004,5.409900000000005,92.94,3.0,5.0,10.0,5.0,1.0
331.872,3.631400000000003,18.84,0.0,4.0,0.0,4.0,1.0
769.9979999999998,5.5579000000000045,141.06,2.0,10.0,7.0,6.0,1.0
277.440610668,3.3834000000000017,12.47,0.0,2.0,3.0,4.0,1.0
323.465,3.785320000000003,18.84,0.0,4.0,0.0,4.0,1.0
297.267,-2.6318999999999972,103.59,0.0,9.0,6.0,4.0,1.0
268.268,2.437100000000001,63.60000000000001,1.0,3.0,2.0,3.0,1.0
330.432,3.5783200000000024,30.870000000000005,1.0,5.0,0.0,4.0,1.0
266.21799999999996,4.0706000000000016,37.3,1.0,1.0,2.0,2.0,1.0
666.7240000000002,4.697800000000004,144.07999999999998,1.0,12.0,9.0,6.0,1.0
424.33200000000005,2.403000000000001,68.78,1.0,5.0,2.0,4.0,1.0
296.374,2.735500000000001,48.470000000000006,1.0,4.0,3.0,3.0,1.0
415.4750000000002,1.8426999999999993,111.25999999999999,2.0,8.0,2.0,4.0,1.0
299.40299999999996,2.1309000000000005,36.660000000000004,0.0,6.0,0.0,4.0,1.0
416.43000000000023,2.724800000000001,117.0,1.0,8.0,6.0,3.0,1.0
1814.258999999999,10.65230000000001,357.86,6.0,28.0,17.0,14.0,1.0
148.20899999999997,1.5061,24.92,1.0,2.0,1.0,2.0,1.0
153.26899999999998,2.4353000000000007,3.24,0.0,1.0,0.0,1.0,1.0
535.0810000000004,4.366000000000004,94.17,1.0,8.0,9.0,2.0,1.0
347.41799999999995,2.458,52.65,1.0,3.0,1.0,4.0,1.0
178.151,0.6975999999999996,83.92,2.0,5.0,2.0,2.0,1.0
330.45600000000013,2.9907200000000014,68.29,1.0,7.0,4.0,2.0,1.0
224.30399999999992,2.772120000000001,46.34,0.0,3.0,5.0,1.0,1.0
549.6890000000002,5.413700000000006,93.14000000000001,1.0,6.0,8.0,5.0,1.0
310.39300000000003,4.396800000000003,46.53,1.0,2.0,4.0,3.0,1.0
454.5510000000001,6.244600000000004,51.02,0.0,6.0,5.0,5.0,1.0
295.382,3.4076200000000014,32.7,1.0,3.0,0.0,4.0,1.0
397.90600000000006,3.704500000000003,37.71,0.0,5.0,1.0,5.0,1.0
266.388,3.206900000000002,15.27,1.0,2.0,4.0,3.0,1.0
311.38100000000003,2.757100000000001,30.93,0.0,4.0,2.0,4.0,1.0
267.397,4.253400000000003,3.24,0.0,2.0,2.0,3.0,1.0
271.27299999999997,0.8140999999999998,107.49000000000002,1.0,6.0,3.0,2.0,1.0
312.409,3.900100000000003,43.370000000000005,0.0,3.0,1.0,4.0,1.0
859.0630000000001,4.987300000000005,170.06,3.0,14.0,7.0,7.0,1.0
445.00600000000014,5.913480000000007,47.26,1.0,3.0,7.0,4.0,1.0
197.234,0.6959,64.71000000000001,2.0,4.0,4.0,1.0,1.0
253.34900000000002,2.3429,11.41,0.0,3.0,0.0,4.0,1.0
410.4700000000001,2.088600000000001,106.94000000000001,3.0,4.0,8.0,3.0,1.0
388.37600000000015,2.1348000000000003,124.83999999999999,1.0,8.0,6.0,2.0,1.0
418.4940000000002,3.579100000000002,113.83,0.0,6.0,11.0,2.0,1.0
190.28300000000002,0.8738,71.96000000000001,2.0,2.0,1.0,1.0,1.0
259.353,2.782700000000001,60.17,2.0,4.0,6.0,2.0,1.0
649.5300000000001,3.5046000000000026,122.29,1.0,6.0,8.0,5.0,1.0
264.372,3.918000000000003,15.27,1.0,2.0,3.0,3.0,1.0
340.4770000000002,3.4039800000000033,42.63,0.0,6.0,0.0,4.0,1.0
279.383,3.9624000000000033,12.47,0.0,2.0,3.0,3.0,1.0
358.9570000000001,4.814100000000004,6.48,0.0,2.0,8.0,3.0,1.0
679.801,5.490600000000006,127.22,0.0,11.0,9.0,7.0,1.0
367.34800000000007,2.868800000000001,73.86,1.0,6.0,5.0,2.0,1.0
337.375,2.862300000000001,86.63000000000001,3.0,3.0,2.0,4.0,1.0
348.35800000000006,2.0796,81.42000000000002,1.0,6.0,1.0,5.0,1.0
221.30300000000003,3.150500000000002,12.03,1.0,1.0,0.0,4.0,1.0
135.16599999999997,1.645,29.1,1.0,1.0,1.0,1.0,1.0
371.3930000000002,2.583800000000001,103.55000000000001,1.0,8.0,5.0,3.0,1.0
381.39300000000014,-2.0627999999999984,208.65,6.0,11.0,7.0,3.0,1.0
448.4750000000002,4.259200000000003,107.77,1.0,7.0,7.0,3.0,1.0
344.911,4.335800000000003,6.48,0.0,3.0,1.0,4.0,1.0
214.33401777999995,1.9775999999999994,39.260000000000005,2.0,2.0,5.0,2.0,1.0
267.32800000000003,3.4025000000000025,29.540000000000003,0.0,2.0,2.0,3.0,1.0
370.49600000000015,5.8607800000000045,36.26,0.0,3.0,2.0,5.0,1.0
493.04700000000014,5.100600000000005,63.599999999999994,1.0,3.0,7.0,4.0,1.0
991.0500000000004,0.5112000000000056,331.01000000000005,9.0,20.0,10.0,8.0,1.0
246.3469999999999,2.0234999999999994,66.76,2.0,4.0,11.0,0.0,1.0
2554.100999999995,-7.346599999999981,999.5900000000004,36.0,42.0,35.0,10.0,1.0
336.39500000000004,2.6538000000000004,65.53999999999999,1.0,4.0,1.0,4.0,1.0
345.439,2.891800000000001,55.839999999999996,0.0,5.0,6.0,3.0,1.0
312.844,4.648900000000004,15.27,1.0,2.0,3.0,3.0,1.0
280.415,3.549100000000003,6.48,0.0,2.0,4.0,3.0,1.0
209.27099999999993,0.046869999999999745,110.64,4.0,2.0,0.0,1.0,1.0
609.7230000000004,6.018000000000007,111.01000000000002,1.0,8.0,10.0,5.0,1.0
755.9709999999999,5.167800000000004,141.06,2.0,10.0,6.0,6.0,1.0
873.0899999999999,5.377400000000005,170.06,3.0,14.0,8.0,7.0,1.0
539.6040000000004,4.843100000000005,111.00999999999998,1.0,8.0,10.0,3.0,1.0
482.55200000000036,4.555800000000004,81.01,1.0,7.0,7.0,4.0,1.0
380.9129999999999,4.481400000000002,12.53,0.0,1.0,0.0,5.0,1.0
366.4710000000001,3.8840200000000014,73.8,1.0,7.0,3.0,4.0,1.0
336.395,2.6538000000000004,65.53999999999999,1.0,4.0,1.0,4.0,1.0
510.5530000000004,4.111000000000003,68.31000000000002,0.0,7.0,8.0,3.0,1.0
280.14300000000003,0.8967999999999998,57.61,1.0,3.0,1.0,2.0,1.0
361.445,3.282700000000002,37.71,0.0,5.0,1.0,5.0,1.0
296.37799999999993,1.2739199999999993,49.550000000000004,0.0,6.0,0.0,4.0,1.0
376.4780000000002,3.164500000000002,77.52000000000001,1.0,7.0,6.0,2.0,1.0
376.36761066800017,3.1366000000000014,43.97,0.0,2.0,3.0,4.0,1.0
340.41900000000004,5.350000000000003,37.3,1.0,2.0,4.0,3.0,1.0
475.63600000000025,5.073400000000006,90.28999999999999,1.0,7.0,10.0,3.0,1.0
611.4399999999999,5.907300000000004,120.21999999999998,2.0,6.0,8.0,5.0,1.0
358.42300000000006,2.431400000000001,110.57,2.0,7.0,4.0,3.0,1.0
435.5010000000004,4.161700000000003,94.91000000000001,2.0,3.0,9.0,3.0,1.0
288.39000000000004,3.0524000000000013,52.6,0.0,6.0,4.0,1.0,1.0
422.20400000000006,1.1305999999999996,44.0,0.0,4.0,3.0,4.0,1.0
237.06399999999994,-0.8347000000000004,84.94000000000001,3.0,5.0,5.0,2.0,1.0
412.41581422400014,2.5377800000000006,160.94000000000003,4.0,6.0,4.0,4.0,1.0
425.4673053340002,1.7323999999999995,135.95,3.0,9.0,8.0,4.0,1.0
284.35200000000003,2.1867,57.150000000000006,1.0,5.0,0.0,5.0,1.0
611.7390000000004,6.478400000000008,111.00999999999999,1.0,8.0,12.0,4.0,1.0
314.42181422400006,3.466380000000002,83.18,1.0,5.0,4.0,4.0,1.0
273.35699999999997,2.01,66.15,1.0,2.0,5.0,2.0,1.0
367.10700000000014,3.0496000000000016,58.559999999999995,2.0,3.0,2.0,3.0,1.0
291.39799999999997,2.916500000000002,18.84,0.0,3.0,0.0,4.0,1.0
457.3100000000001,3.428200000000002,116.94999999999999,2.0,7.0,6.0,2.0,1.0
654.8380000000005,1.8880000000000008,208.36999999999998,9.0,11.0,5.0,1.0,1.0
609.8370000000002,4.4783000000000035,120.23000000000002,0.0,11.0,6.0,2.0,1.0
292.2840000000001,0.7279999999999995,141.44,2.0,9.0,3.0,3.0,1.0
407.42900000000014,4.949400000000003,56.47,0.0,5.0,0.0,8.0,1.0
309.388,3.055600000000002,18.84,0.0,3.0,0.0,4.0,1.0
193.202,1.5702999999999996,55.4,1.0,3.0,2.0,1.0,1.0
228.33899999999997,3.100100000000001,27.82,2.0,1.0,3.0,3.0,1.0
257.482,-0.5714000000000001,84.94,3.0,5.0,4.0,2.0,1.0
280.452,5.884500000000005,37.3,1.0,1.0,14.0,0.0,1.0
305.41799999999995,2.0082,49.77000000000001,1.0,4.0,8.0,2.0,1.0
226.22799999999995,-0.053300000000000014,75.99000000000001,2.0,5.0,2.0,2.0,1.0
853.9180000000005,3.735700000000004,221.28999999999994,4.0,14.0,10.0,7.0,1.0
413.4260000000003,2.881800000000001,75.69000000000001,0.0,8.0,4.0,5.0,1.0
188.244305334,2.1459200000000003,22.0,0.0,2.0,2.0,2.0,1.0
265.36,2.4789000000000003,19.37,0.0,3.0,0.0,4.0,1.0
883.1059999999999,5.423800000000005,171.2,4.0,14.0,12.0,8.0,1.0
267.24499999999995,-0.19628000000000084,133.07999999999998,2.0,6.0,3.0,2.0,1.0
333.49999999999994,5.350800000000005,3.24,0.0,2.0,0.0,5.0,1.0
440.42000000000024,0.24410000000000065,219.33000000000004,6.0,10.0,9.0,3.0,1.0
251.24599999999998,-0.9508000000000005,119.30999999999999,3.0,8.0,2.0,3.0,1.0
401.8460000000001,3.9703000000000026,87.07000000000001,2.0,4.0,2.0,4.0,1.0
1022.2389999999997,2.3235000000000117,231.19999999999996,4.0,14.0,10.0,9.0,1.0
301.3860000000001,2.9568000000000003,72.72,4.0,4.0,7.0,2.0,1.0
144.177,2.1111,24.39,1.0,2.0,0.0,2.0,1.0
511.50800000000044,-3.7812999999999954,225.5,5.0,11.0,10.0,3.0,1.0
648.2000000000004,6.900200000000009,111.00999999999999,1.0,8.0,12.0,4.0,1.0
308.50600000000003,6.363000000000007,26.3,0.0,2.0,15.0,0.0,1.0
177.03,2.4857000000000005,20.23,1.0,1.0,1.0,1.0,1.0
650.9759999999999,3.9527000000000014,92.78,3.0,4.0,5.0,2.0,1.0
255.25199999999998,3.2461200000000012,51.81,0.0,4.0,2.0,3.0,1.0
667.765,5.813700000000006,117.98999999999998,0.0,10.0,8.0,7.0,1.0
282.4642035559999,5.884500000000005,37.3,1.0,1.0,14.0,0.0,1.0
686.8090000000004,6.700100000000008,114.25,1.0,9.0,11.0,6.0,1.0
359.3780000000001,2.3862000000000005,83.09,1.0,7.0,4.0,3.0,1.0
402.49100000000027,2.2947999999999995,106.94000000000001,3.0,4.0,8.0,3.0,1.0
196.22400000000002,3.474000000000002,0.0,0.0,0.0,1.0,2.0,1.0
307.38999999999993,4.324400000000003,39.19,0.0,4.0,5.0,2.0,1.0
611.8530000000003,4.702300000000004,120.23000000000002,0.0,11.0,6.0,2.0,1.0
279.427,4.476900000000004,3.24,0.0,1.0,3.0,3.0,1.0
139.17599999999996,-0.7769999999999995,80.39,2.0,3.0,3.0,0.0,1.0
544.5820000000003,5.918300000000006,71.44,1.0,4.0,3.0,5.0,1.0
256.536,5.1856,0.0,0.0,8.0,0.0,1.0,1.0
401.55391600200016,5.081000000000005,82.19,3.0,3.0,2.0,3.0,1.0
244.72199999999998,1.5836,44.120000000000005,0.0,4.0,3.0,2.0,1.0
174.203,1.7992,32.67,0.0,2.0,1.0,2.0,1.0
346.46700000000004,2.6667000000000014,74.6,2.0,4.0,2.0,4.0,1.0
524.9540000000004,1.9780999999999997,174.48,4.0,9.0,10.0,2.0,1.0
112.05999999999997,-4.878899999999999,60.36,1.0,3.0,1.0,0.0,1.0
527.6180000000003,2.5342000000000002,139.03999999999996,2.0,8.0,1.0,3.0,1.0
914.1869999999997,6.180600000000006,195.42999999999995,3.0,13.0,6.0,4.0,1.0
515.9940000000004,4.099600000000003,111.01,1.0,8.0,9.0,3.0,1.0
467.6500000000002,4.413800000000005,62.16000000000001,2.0,5.0,4.0,8.0,1.0
312.44199999999995,3.4392200000000024,30.870000000000005,1.0,5.0,0.0,4.0,1.0
105.09299999999999,-1.6094000000000002,83.55000000000001,3.0,3.0,2.0,0.0,1.0
252.27300000000005,1.7696,58.199999999999996,2.0,2.0,2.0,3.0,1.0
197.19,0.05219999999999947,103.78000000000002,4.0,4.0,3.0,1.0,1.0
388.42000000000013,3.201800000000002,107.77,1.0,7.0,6.0,2.0,1.0
2933.491999999998,-7.964489999999908,1158.7200000000007,42.0,39.0,93.0,9.0,1.0
445.9030000000002,3.707200000000003,102.67,2.0,6.0,3.0,4.0,1.0
429.944407112,3.353200000000002,78.82,2.0,5.0,5.0,5.0,1.0
236.274,3.3872000000000018,46.33,1.0,1.0,0.0,3.0,1.0
176.21900000000002,1.3749,33.2,0.0,2.0,1.0,2.0,1.0
216.19199999999998,2.5478000000000005,52.58,0.0,4.0,1.0,3.0,1.0
440.46300000000014,4.028600000000002,118.80999999999999,2.0,7.0,7.0,5.0,1.0
422.4490000000002,1.7323999999999993,135.95,3.0,9.0,7.0,4.0,1.0
456.3220000000001,4.245200000000002,90.93,1.0,7.0,7.0,2.0,1.0
567.0600000000004,3.199600000000002,154.25,3.0,9.0,9.0,3.0,1.0
195.251,-0.16910000000000014,89.32,3.0,4.0,2.0,1.0,1.0
1793.125,4.49520000000002,560.98,20.0,28.0,19.0,15.0,1.0
310.518203556,6.363000000000007,26.3,0.0,2.0,15.0,0.0,1.0
414.3460000000002,3.4407000000000023,59.59,2.0,4.0,7.0,2.0,1.0
424.54400000000004,5.004780000000005,64.33,1.0,3.0,7.0,4.0,1.0
1989.1130000000003,2.6380000000000208,716.5000000000001,26.0,30.0,19.0,15.0,1.0
346.33900000000006,2.1756,107.77000000000001,1.0,7.0,4.0,2.0,1.0
306.37300000000005,3.466380000000002,83.18,1.0,5.0,4.0,4.0,1.0
364.276,4.193200000000004,28.07,0.0,4.0,0.0,4.0,1.0
370.4490000000002,1.2533999999999996,103.86000000000001,3.0,5.0,3.0,5.0,1.0
385.829,-0.20339999999999936,144.23,3.0,5.0,4.0,3.0,1.0
268.216,-1.5665000000000002,102.26,4.0,5.0,2.0,2.0,1.0
418.4460000000002,2.9708000000000014,117.0,1.0,8.0,8.0,2.0,1.0
185.22600000000003,2.1459200000000003,22.0,0.0,2.0,1.0,2.0,1.0
479.5330000000003,3.677800000000003,111.01,1.0,8.0,9.0,3.0,1.0
354.9250000000001,4.942700000000005,6.48,0.0,2.0,2.0,4.0,1.0
610.7110000000004,4.953000000000006,114.25,1.0,9.0,10.0,5.0,1.0
323.465610668,3.238100000000002,38.77,0.0,4.0,6.0,3.0,1.0
371.39300000000014,2.5822000000000003,103.55,1.0,8.0,4.0,3.0,1.0
383.5170000000001,2.8560000000000016,48.3,1.0,6.0,5.0,4.0,1.0
408.8820000000002,2.2663,99.88000000000001,2.0,7.0,8.0,2.0,1.0
92.09400000000001,-1.6680999999999997,60.69,3.0,3.0,2.0,0.0,1.0
385.37600000000015,2.4578800000000003,131.55999999999997,1.0,8.0,5.0,2.0,1.0
186.18600000000004,-2.236799999999997,40.129999999999995,0.0,2.0,4.0,1.0,1.0
301.72900000000004,4.336300000000002,63.33,1.0,3.0,3.0,3.0,1.0
285.774,4.258500000000003,12.47,0.0,2.0,0.0,4.0,1.0
296.326,3.0637000000000016,72.63,1.0,3.0,1.0,3.0,1.0
302.2710000000001,1.6011000000000006,82.44,2.0,4.0,3.0,2.0,1.0
462.51300000000026,-0.2255999999999989,150.53999999999996,3.0,10.0,7.0,4.0,1.0
1792.1190000000008,3.1140000000000123,598.09,23.0,28.0,30.0,12.0,1.0
464.44400000000013,3.992480000000003,76.44,1.0,4.0,3.0,3.0,1.0
492.5280000000003,4.275800000000004,117.00000000000001,1.0,8.0,10.0,3.0,1.0
718.8320000000004,7.005920000000009,177.42999999999998,5.0,9.0,4.0,8.0,1.0
18.015,-0.8247,31.5,0.0,0.0,0.0,0.0,1.0
524.9540000000004,1.9781000000000006,174.48000000000002,4.0,9.0,10.0,2.0,1.0
246.194,-1.6852000000000007,104.55000000000001,3.0,6.0,1.0,2.0,1.0
317.42900000000003,3.238100000000002,38.77,0.0,4.0,4.0,3.0,1.0
384.2590000000001,3.9643000000000033,64.63000000000001,1.0,5.0,4.0,2.0,1.0
1755.6580000000008,2.6922000000000086,598.09,23.0,28.0,30.0,12.0,1.0
384.64800000000014,7.619000000000009,20.23,1.0,1.0,6.0,3.0,1.0
255.33043360000002,3.7106000000000026,45.150000000000006,2.0,4.0,2.0,3.0,1.0
254.28900000000002,2.4929000000000006,66.56,2.0,2.0,0.0,3.0,1.0
256.33,3.7106000000000017,45.150000000000006,2.0,4.0,2.0,3.0,1.0
216.19199999999998,2.5478000000000005,52.58,0.0,4.0,1.0,3.0,1.0
251.05,1.5682799999999992,62.480000000000004,1.0,4.0,2.0,3.0,1.0
475.6290000000002,5.543000000000006,63.68,0.0,5.0,4.0,5.0,1.0
343.883,4.130300000000004,18.84,0.0,4.0,0.0,4.0,1.0
782.9570000000004,4.044200000000002,228.77999999999994,4.0,10.0,8.0,9.0,1.0
138.12199999999999,1.0903999999999998,57.53,2.0,2.0,1.0,1.0,1.0
381.43200000000013,2.1906999999999996,93.96999999999998,2.0,5.0,2.0,4.0,1.0
370.4780000000001,2.534320000000001,55.89,1.0,5.0,2.0,4.0,1.0
449.6350000000002,5.155700000000006,60.77000000000001,2.0,4.0,5.0,5.0,1.0
271.40400000000005,3.3834000000000026,12.47,0.0,2.0,1.0,4.0,1.0
254.28900000000002,2.4929000000000006,66.56,2.0,2.0,0.0,3.0,1.0
753.9410000000001,2.732400000000003,164.82,5.0,10.0,6.0,9.0,1.0
295.386,2.976300000000001,26.79,0.0,3.0,3.0,3.0,1.0
310.8280000000001,4.018900000000003,24.92,1.0,2.0,0.0,4.0,1.0
288.1820000000001,2.862440000000001,83.78999999999999,5.0,2.0,2.0,1.0,1.0
690.8599999999999,2.269300000000003,176.41999999999996,2.0,11.0,7.0,3.0,1.0
277.16900000000004,-0.18190000000000067,150.31,5.0,5.0,5.0,1.0,1.0
252.27300000000002,2.6422000000000008,63.400000000000006,1.0,2.0,0.0,3.0,1.0
392.5030000000002,2.3886000000000003,68.17,2.0,5.0,8.0,3.0,1.0
1713.099,4.592799999999998,407.62,6.0,25.0,17.0,12.0,1.0
980.9839999999999,3.317200000000004,251.63999999999993,2.0,18.0,15.0,10.0,1.0
266.304,2.6512200000000012,58.12,1.0,4.0,1.0,4.0,1.0
1983.294,-0.9675000000000094,676.21,21.0,35.0,24.0,16.0,1.0
1816.7160000000003,4.16800000000001,572.51,21.0,29.0,22.0,15.0,1.0
244.247,-0.8778000000000001,147.31,5.0,5.0,4.0,1.0,1.0
372.41700000000003,4.031600000000003,71.44,1.0,3.0,4.0,3.0,1.0
429.6040000000001,5.406500000000006,40.540000000000006,1.0,3.0,2.0,5.0,1.0
536.5440000000004,4.115000000000005,104.03000000000002,1.0,8.0,3.0,9.0,1.0
1853.1770000000006,4.589800000000009,572.51,21.0,29.0,22.0,15.0,1.0
265.36,2.4789000000000003,19.37,0.0,3.0,0.0,4.0,1.0
822.9530000000002,4.335420000000004,220.14999999999995,6.0,15.0,4.0,6.0,1.0
542.9690000000005,1.1729,194.70999999999998,5.0,10.0,11.0,2.0,1.0
195.21799999999996,0.7366999999999997,83.55,3.0,3.0,3.0,1.0,1.0
720.9620000000003,5.905200000000006,145.78,4.0,9.0,17.0,4.0,1.0
449.5910000000002,5.425800000000006,68.12,1.0,5.0,5.0,5.0,1.0
331.86800000000005,4.880900000000004,12.47,0.0,3.0,4.0,3.0,1.0
295.45099999999996,4.6757000000000035,3.24,0.0,2.0,3.0,3.0,1.0
489.4060000000001,5.496400000000005,65.84,1.0,5.0,4.0,5.0,1.0
31.998,0.067,34.14,0.0,2.0,0.0,0.0,1.0
508.5270000000001,6.717400000000005,54.37,1.0,3.0,3.0,5.0,1.0
467.4623053340001,3.9924800000000022,76.44,1.0,4.0,4.0,3.0,1.0
608.6880000000001,4.171100000000003,117.78000000000002,1.0,10.0,8.0,6.0,1.0
416.64600000000024,5.560600000000008,60.69,3.0,3.0,5.0,3.0,1.0
112.08799999999998,-0.9368000000000001,65.72,2.0,2.0,0.0,1.0,1.0
279.383,3.9624000000000033,12.47,0.0,2.0,3.0,3.0,1.0
491.5440000000003,3.8203000000000022,111.01,1.0,8.0,7.0,4.0,1.0
184.49099999999999,2.3528000000000002,9.23,0.0,1.0,2.0,0.0,1.0
411.31200000000007,-1.151599999999996,158.82,5.0,6.0,11.0,0.0,1.0
488.5770000000004,3.6993000000000027,116.20000000000002,1.0,8.0,6.0,4.0,1.0
230.263,3.036500000000001,46.53,1.0,2.0,3.0,2.0,1.0
242.231,-1.51428,104.55000000000001,3.0,6.0,2.0,2.0,1.0
505.57100000000037,4.2104000000000035,111.01,1.0,8.0,7.0,4.0,1.0
534.9441017780002,5.1266200000000035,91.16000000000001,1.0,7.0,9.0,4.0,1.0
360.3660000000001,2.5657000000000005,107.77000000000001,1.0,7.0,5.0,2.0,1.0
505.6550000000004,5.1695000000000055,72.91,0.0,6.0,6.0,5.0,1.0
531.0050000000003,3.651100000000003,137.18,3.0,8.0,9.0,3.0,1.0
790.9909999999999,4.589700000000004,208.55999999999997,7.0,9.0,11.0,6.0,1.0
331.46299999999997,3.9079200000000025,19.370000000000005,0.0,3.0,4.0,4.0,1.0
245.3659999999999,3.2997200000000024,20.310000000000002,0.0,2.0,4.0,2.0,1.0
408.8820000000002,2.2663,99.88000000000001,2.0,7.0,8.0,2.0,1.0
354.4900000000001,5.645560000000006,35.53,0.0,3.0,7.0,1.0,1.0
322.496,4.392300000000004,6.48,0.0,2.0,8.0,3.0,1.0
270.2100000000001,2.99948,73.12,2.0,3.0,2.0,1.0,1.0
280.415,3.7874000000000025,6.48,0.0,2.0,4.0,3.0,1.0
707.8649999999999,4.986300000000004,110.16000000000003,0.0,12.0,13.0,6.0,1.0
433.59200000000016,4.972200000000006,57.61,1.0,4.0,3.0,5.0,1.0
293.454,4.867000000000004,3.24,0.0,1.0,2.0,3.0,1.0
351.40999999999997,1.559399999999999,68.78,1.0,5.0,2.0,4.0,1.0
296.41400000000004,3.625300000000003,28.4,1.0,3.0,1.0,5.0,0.0
331.46000000000004,3.1789700000000014,88.2,3.0,3.0,4.0,2.0,0.0
142.58499999999998,2.3540200000000002,20.23,1.0,1.0,0.0,1.0,0.0
296.21200000000005,3.252020000000001,36.42,2.0,3.0,2.0,2.0,0.0
299.41800000000006,4.520800000000004,58.040000000000006,2.0,4.0,2.0,2.0,0.0
279.321,2.4417999999999997,95.66,3.0,4.0,2.0,2.0,0.0
241.268,0.7199999999999999,75.63,2.0,5.0,3.0,2.0,0.0
141.12599999999998,0.12759999999999994,46.61000000000001,0.0,3.0,0.0,2.0,0.0
320.82000000000005,2.6994000000000007,40.620000000000005,0.0,2.0,3.0,3.0,0.0
334.80700000000013,3.219900000000001,93.29,3.0,6.0,4.0,3.0,0.0
259.349,2.6397000000000013,38.33,1.0,2.0,4.0,3.0,0.0
211.30499999999998,2.1616,29.54,0.0,2.0,2.0,2.0,0.0
295.34600000000006,2.3202,55.95,0.0,5.0,3.0,4.0,0.0
214.268,2.0725,36.1,1.0,1.0,0.0,3.0,0.0
299.33000000000004,2.489920000000001,91.15,3.0,5.0,4.0,3.0,0.0
300.36100000000005,4.701100000000004,27.05,0.0,3.0,3.0,4.0,0.0
310.144,2.002,83.67,1.0,5.0,2.0,3.0,0.0
409.50500000000017,3.395940000000002,43.86,0.0,3.0,3.0,4.0,0.0
337.4050000000001,0.5545999999999995,119.31000000000002,3.0,9.0,5.0,4.0,0.0
370.4270000000001,0.3495000000000008,102.86999999999999,0.0,8.0,7.0,2.0,0.0
259.3929999999999,3.5306000000000024,12.47,0.0,2.0,2.0,3.0,0.0
433.5120000000002,3.137640000000002,72.72000000000001,0.0,7.0,4.0,5.0,0.0
225.24699999999999,3.029700000000001,42.230000000000004,1.0,2.0,1.0,3.0,0.0
327.8550000000001,4.325200000000004,23.47,1.0,2.0,0.0,4.0,0.0
391.4280000000001,1.1835200000000001,108.96000000000001,1.0,6.0,4.0,3.0,0.0
272.32599999999996,0.25779999999999964,86.71000000000001,2.0,4.0,5.0,1.0,0.0
334.39700000000005,2.1321000000000003,84.5,2.0,4.0,6.0,2.0,0.0
205.30100000000002,2.9134200000000012,29.1,1.0,1.0,4.0,1.0,0.0
383.45600000000013,1.1403999999999992,85.34,0.0,9.0,8.0,4.0,0.0
413.5660000000004,2.37,72.53999999999999,1.0,4.0,3.0,5.0,0.0
342.2220000000001,4.379100000000003,66.4,2.0,2.0,3.0,2.0,0.0
345.423,5.106300000000003,39.19,0.0,4.0,5.0,4.0,0.0
283.12100000000004,3.6026000000000025,50.44,1.0,2.0,4.0,2.0,0.0
169.18399999999997,0.5354999999999999,56.27000000000001,1.0,5.0,3.0,1.0,0.0
355.4380000000001,2.9245600000000014,64.43,0.0,5.0,5.0,3.0,0.0
332.762,3.4707000000000017,49.410000000000004,1.0,2.0,3.0,3.0,0.0
348.46800000000013,3.077300000000001,59.59,2.0,4.0,6.0,2.0,0.0
203.24099999999999,2.41202,31.23,0.0,3.0,1.0,2.0,0.0
239.29600000000002,1.4834,58.56,2.0,4.0,3.0,2.0,0.0
240.25799999999998,3.098700000000002,46.53,1.0,3.0,1.0,3.0,0.0
306.77400000000006,3.2471000000000014,59.06,1.0,4.0,4.0,2.0,0.0
312.3770000000001,3.2194400000000014,79.97,1.0,7.0,5.0,3.0,0.0
178.235,0.8017999999999998,35.5,2.0,3.0,1.0,2.0,0.0
228.24699999999999,3.4644600000000016,43.35,0.0,3.0,0.0,3.0,0.0
348.4900000000002,5.306220000000005,28.259999999999998,1.0,2.0,4.0,4.0,0.0
305.37400000000014,2.4890000000000008,48.0,0.0,5.0,4.0,3.0,0.0
341.411,3.257200000000001,53.160000000000004,3.0,2.0,3.0,3.0,0.0
331.1650000000001,4.231100000000002,39.44,0.0,3.0,2.0,3.0,0.0
201.233,1.5058199999999995,76.72,2.0,5.0,2.0,2.0,0.0
285.174,3.9654000000000016,48.91,2.0,2.0,4.0,2.0,0.0
305.403,3.0912000000000006,75.11,2.0,5.0,5.0,3.0,0.0
328.349,3.663100000000001,102.68,4.0,6.0,4.0,3.0,0.0
349.312,3.466800000000001,70.23,3.0,3.0,3.0,3.0,0.0
267.317,2.7094200000000006,55.97,0.0,6.0,1.0,4.0,0.0
303.789,4.480900000000004,38.33,1.0,2.0,5.0,2.0,0.0
326.50900000000007,6.0507200000000045,24.06,2.0,1.0,4.0,2.0,0.0
229.279,2.629500000000001,37.38,0.0,2.0,3.0,2.0,0.0
290.32200000000006,3.824320000000002,51.22,1.0,4.0,2.0,4.0,0.0
282.756,2.1993,59.81,1.0,5.0,4.0,2.0,0.0
303.3140000000001,1.7092999999999998,74.19,0.0,6.0,4.0,2.0,0.0
278.26,2.37972,85.97000000000001,1.0,5.0,4.0,2.0,0.0
313.27900000000005,3.0729000000000006,56.15,1.0,4.0,3.0,2.0,0.0
335.841,4.121200000000003,47.900000000000006,1.0,6.0,4.0,3.0,0.0
312.3440000000001,3.125720000000001,49.410000000000004,1.0,2.0,3.0,3.0,0.0
221.22000000000003,0.3278999999999995,92.79,2.0,6.0,4.0,2.0,0.0
182.22299999999998,1.64472,55.12,1.0,3.0,1.0,1.0,0.0
307.34900000000005,2.2958999999999996,57.61000000000001,1.0,3.0,1.0,4.0,0.0
219.16199999999995,2.5436000000000005,38.33,1.0,2.0,2.0,1.0,0.0
297.745,3.7518000000000016,72.03,2.0,4.0,2.0,3.0,0.0
333.31500000000005,2.6384000000000007,73.86,1.0,5.0,6.0,2.0,0.0
337.5040000000002,4.6669000000000045,66.39999999999999,2.0,2.0,3.0,2.0,0.0
312.20700000000016,3.2768000000000015,38.33,1.0,2.0,4.0,2.0,0.0
267.32499999999993,2.001,81.78,2.0,4.0,8.0,1.0,0.0
275.3479999999999,3.382100000000002,55.4,1.0,3.0,4.0,2.0,0.0
348.398,4.5584200000000035,44.760000000000005,0.0,4.0,7.0,3.0,0.0
273.126,3.0574000000000012,35.53,0.0,3.0,4.0,1.0,0.0
287.384,3.0425000000000013,46.17,1.0,2.0,3.0,3.0,0.0
321.37300000000005,2.4044000000000008,76.07000000000001,1.0,4.0,6.0,2.0,0.0
124.13899999999998,1.70894,30.21,0.0,2.0,1.0,1.0,0.0
245.238,1.8852999999999998,84.23,2.0,4.0,3.0,2.0,0.0
326.37700000000007,3.9517000000000015,59.59,2.0,4.0,3.0,4.0,0.0
320.3960000000001,4.347940000000003,58.95,2.0,3.0,3.0,3.0,0.0
201.09600000000003,3.422900000000002,0.0,0.0,0.0,2.0,2.0,0.0
318.37999999999994,4.393700000000003,58.95,2.0,3.0,4.0,4.0,0.0
245.03099999999995,3.2978000000000005,38.05,2.0,2.0,1.0,1.0,0.0
183.63799999999998,2.3227,20.310000000000002,0.0,1.0,3.0,1.0,0.0
348.4460000000001,4.312800000000004,45.33,1.0,3.0,1.0,5.0,0.0
221.29999999999995,2.4586000000000006,63.32000000000001,2.0,2.0,3.0,1.0,0.0
338.81600000000003,1.9598999999999993,89.25999999999999,2.0,3.0,5.0,2.0,0.0
270.263,2.4913000000000007,49.410000000000004,1.0,3.0,3.0,3.0,0.0
348.333,4.591800000000002,75.36,2.0,4.0,3.0,4.0,0.0
342.37000000000006,2.6461000000000006,58.64,1.0,4.0,6.0,3.0,0.0
310.7840000000001,5.445620000000003,41.13,2.0,1.0,2.0,3.0,0.0
269.29999999999995,3.0176000000000007,70.16,2.0,2.0,3.0,3.0,0.0
344.43600000000004,2.4877200000000004,57.690000000000005,0.0,3.0,3.0,3.0,0.0
338.44699999999995,4.876900000000004,54.370000000000005,1.0,2.0,3.0,4.0,0.0
279.188,2.7952000000000012,34.14,0.0,2.0,4.0,2.0,0.0
324.72000000000014,1.8695999999999995,85.89,2.0,5.0,2.0,3.0,0.0
260.337,1.50807,55.08,1.0,4.0,3.0,3.0,0.0
331.40000000000003,3.030800000000001,47.260000000000005,0.0,5.0,3.0,4.0,0.0
